Top queries,Clicks,Impressions,CTR,Position
pronounce words audio,1,15,6.67%,59.47
word explainer,1,11,9.09%,8.64
jawaban codycross,1,9,11.11%,4.44
assonance finder,1,2,50%,48
assonance generator,1,1,100%,4
проверка орфографии онлайн,0,77,0%,47.73
проверить на ошибки,0,75,0%,84.01
орфография онлайн,0,67,0%,55.33
проверка на ошибки,0,64,0%,71.94
wordsolver,0,50,0%,69.76
word solver,0,46,0%,64.2
проверить текст на ошибки,0,36,0%,83.06
проверка текста на ошибки,0,29,0%,86.14
исправление ошибок в тексте,0,28,0%,73.21
clan name generator,0,26,0%,61.58
проверка орфографии и пунктуации,0,26,0%,82.42
word generator from letters,0,26,0%,90
проверка орфографии,0,25,0%,84.16
знаки препинания онлайн,0,24,0%,40.08
проверять текст на ошибки,0,24,0%,69.33
syllable counter,0,23,0%,65.43
word pronunciation,0,23,0%,66.43
wordscapes solver,0,22,0%,31.36
проверить правописание,0,22,0%,89.09
проверка текста,0,21,0%,89.24
contador de silabas,0,19,0%,29.32
word maker from letters,0,19,0%,91.42
words in words solver,0,18,0%,81.5
word builder,0,18,0%,83.78
multiple choice vocabulary quiz,0,17,0%,49.88
word help,0,17,0%,88.41
word quiz,0,16,0%,31.75
synonym finder,0,16,0%,35.25
gramatica corrector,0,16,0%,55
solve a word,0,15,0%,84.6
проверка грамматика онлайн,0,15,0%,85
word generator from words,0,14,0%,65.21
word solvers,0,14,0%,70.14
word puzzle solver,0,14,0%,70.71
anagramador,0,13,0%,4.46
проверка текста на запятые,0,13,0%,46.92
проверить текст на запятые,0,13,0%,48.23
проверка текста на пунктуацию,0,13,0%,63.08
rijmwoorden generator,0,13,0%,86.54
проверить орфографию и пунктуацию онлайн,0,13,0%,89.38
проверка грамматики онлайн,0,13,0%,89.62
проверка орфографии онлайн бесплатно,0,13,0%,91.08
allword,0,12,0%,5.33
words containing,0,12,0%,44.67
проверка текста на знаки препинания,0,12,0%,63.17
random word generator,0,12,0%,67.5
проверка текста на орфографию,0,12,0%,71.33
word wheel solver,0,12,0%,73.83
проверка орфография и пунктуация,0,12,0%,83.67
rearranger,0,11,0%,12.36
crossword solver,0,11,0%,71.82
word generator with letters,0,11,0%,82.91
проверка текста на пунктуацию онлайн,0,11,0%,82.91
проверить орфографии и пунктуации онлайн,0,11,0%,85.18
проверка правописания онлайн бесплатно,0,11,0%,88.91
word maker with letters,0,11,0%,90
codycross,0,10,0%,8.9
fill in the blanks missing letters,0,10,0%,12.4
word builder from letters,0,10,0%,71.9
проверить текст на пунктуацию,0,10,0%,80.4
allscrabblewords,0,10,0%,80.5
find out antonyms,0,9,0%,53.44
проверка орфографии и пунктуации онлайн,0,9,0%,86.78
antonym finder,0,8,0%,29.25
boggle solver,0,8,0%,66.12
pronounce a word,0,8,0%,73.88
wordsolver net,0,8,0%,76.38
word game helper,0,8,0%,76.88
word grabber letter sorting,0,8,0%,79.25
word maker from words,0,8,0%,86.12
word search solver,0,8,0%,91
проверка пунктуации,0,8,0%,91.25
word maker out of letters,0,8,0%,91.75
проверка пунктуации online,0,8,0%,92.88
"""vocabulary builder"" -site:reddit.com -site:twitter.com -site:x.com -site:wykop.pl -site:tripadvisor.com -site:youtube.com -site:yelp.com -site:booking.com -site:facebook.com -site:instagram.com -site:tiktok.com",0,7,0%,5.43
fill in letters,0,7,0%,6.71
запятые онлайн,0,7,0%,20.29
правописание онлайн,0,7,0%,27.57
solve word puzzle,0,7,0%,28.43
word rearranger,0,7,0%,42.57
generador de palabras,0,7,0%,49.14
letter solver,0,7,0%,59.57
clan names generator,0,7,0%,62.57
synonyms finder,0,7,0%,71.86
4 letter word generator,0,7,0%,86.14
complete the word,0,7,0%,86.71
words in a word solver,0,7,0%,90.71
word generator using letters,0,7,0%,91
word helper,0,7,0%,94.57
проверка запятых,0,6,0%,19.67
проверка на запятые,0,6,0%,20
расставить запятые онлайн,0,6,0%,20.5
letter rearranger,0,6,0%,28.33
fill in missing letters,0,6,0%,28.67
пунктуация онлайн,0,6,0%,28.67
проверить пунктуацию онлайн,0,6,0%,29.17
word solver from letters,0,6,0%,38.5
words that end with,0,6,0%,40.83
fill in the blank words solver,0,6,0%,44.33
wordscape solver,0,6,0%,45.83
words containing words,0,6,0%,50.5
anagram solver 2 words,0,6,0%,52.17
word finder missing letters,0,6,0%,57.17
gramática corrector,0,6,0%,60.83
word finder with missing letters,0,6,0%,64.83
synonym generator,0,6,0%,66.17
pronounce words,0,6,0%,66.33
letter word generator,0,6,0%,67.33
word generator,0,6,0%,67.67
word grabber,0,6,0%,69
проверка орфографии онлайн запятые,0,6,0%,71
word game solver,0,6,0%,75.17
rechtschreibprüfung von texten,0,6,0%,77.67
words containing letters generator,0,6,0%,78.17
s o l v e words,0,6,0%,79.83
schreibfehler korrigieren,0,6,0%,81.5
word maker online,0,6,0%,81.67
corrigir texto vírgulas e pontos online grátis,0,6,0%,83.67
solve this word,0,6,0%,85.67
alphabet to word generator,0,6,0%,86
solve the word,0,6,0%,89
орфография ошибки,0,6,0%,90.83
create a word with these letters,0,6,0%,94.33
word formation finder,0,6,0%,95
word builder with letters,0,6,0%,95.17
"""how many consonants appear in this question, counting only letters other than a, e, i, o, and u, and ignoring case and punctuation?""",0,5,0%,2.8
anagramador scrabble,0,5,0%,5
textprüfer rätsel,0,5,0%,8.2
word generator repeat letters,0,5,0%,29.4
word find wildcards,0,5,0%,38
antonyms finder,0,5,0%,40.8
find antonyms,0,5,0%,41.4
corrector de gramatica,0,5,0%,47.2
word challenge solver,0,5,0%,48.2
wordscapes unscrambler,0,5,0%,48.8
missing letters in words,0,5,0%,53
random paragraph,0,5,0%,55.8
word pronunciation audio,0,5,0%,58.4
4 letter clan tag generator,0,5,0%,61.8
count syllables,0,5,0%,66.4
rechtschreib prüfer,0,5,0%,69
words that include,0,5,0%,71.8
wordsolver uk,0,5,0%,71.8
anagram solver repeat letters,0,5,0%,74.2
words on stream solver,0,5,0%,74.4
complete this word,0,5,0%,77
anagram solver multiple words,0,5,0%,78.6
online korrektur,0,5,0%,79.6
text prüfen auf rechtschreibung,0,5,0%,80.8
guess the word solver,0,5,0%,81.2
comma checker,0,5,0%,83.2
allwords,0,5,0%,83.8
punctuation checker,0,5,0%,84.6
проверить текст,0,5,0%,86.4
word-grabber words,0,5,0%,87.2
how to sound out words,0,5,0%,87.8
words with letters generator,0,5,0%,87.8
words help,0,5,0%,91.4
letter to word generator,0,5,0%,93
words in words,0,5,0%,93
letters to words,0,5,0%,98
жизнь по шаблону 6 букв,0,4,0%,10.75
phrase dictionary,0,4,0%,11
word solver finder,0,4,0%,18.75
word quizzes,0,4,0%,21.5
similar word generator,0,4,0%,22.25
word solve,0,4,0%,25.25
word.solver,0,4,0%,26.75
исправить ошибки в тексте,0,4,0%,30.75
проверить знаки препинания онлайн,0,4,0%,31
расставление знаков препинания онлайн,0,4,0%,31
проверить запятые,0,4,0%,33
word solver puzzle,0,4,0%,37.75
word synonym finder,0,4,0%,39.75
words ending with,0,4,0%,40.25
arrange the words correctly,0,4,0%,40.5
wildcard word search,0,4,0%,42.25
unscramble word cookies answers,0,4,0%,43.5
dictionary wildcard search,0,4,0%,43.75
buscador de palabras,0,4,0%,46
corretor de texto,0,4,0%,47.5
missing letters in a word solver,0,4,0%,49
words with missing letters,0,4,0%,49.75
word in word solver,0,4,0%,50.75
words puzzle solver,0,4,0%,52.75
wordscapes unscramble,0,4,0%,53.5
antonym generator,0,4,0%,56.25
containing words,0,4,0%,56.5
word solver tool,0,4,0%,57.25
corrector de comas,0,4,0%,59
anagram finder multiple words,0,4,0%,60
how to pronounce word,0,4,0%,64
random generator of words,0,4,0%,64
anagram solver missing letters,0,4,0%,64.5
how to pronounce any word,0,4,0%,68
anagrams solver,0,4,0%,69.25
robot name generator,0,4,0%,70.5
word maker by letters,0,4,0%,70.5
solve words,0,4,0%,72.25
word unscrambler anagram solver,0,4,0%,72.5
corrector de oraciones,0,4,0%,73
wordle solver,0,4,0%,73.5
anagram solver words,0,4,0%,73.75
word generator from letters no limit,0,4,0%,73.75
corrector de texto,0,4,0%,75.25
corretor de gramatica,0,4,0%,75.75
wordsolver crossword,0,4,0%,75.75
word grabber letter sorter,0,4,0%,78
word maker enter letters,0,4,0%,78.5
word find solver,0,4,0%,80.25
corretor de texto e pontuação,0,4,0%,81.5
word creator out of letters,0,4,0%,82.5
how many words can you make out of this word,0,4,0%,84
word from letter generator,0,4,0%,84.25
wordon helper english,0,4,0%,84.5
word grabber words,0,4,0%,85.25
passive to active voice generator,0,4,0%,85.5
letter word creator,0,4,0%,87
letters to make words generator,0,4,0%,87.75
solve word,0,4,0%,88.5
word helper game,0,4,0%,88.75
wordbuilder solver,0,4,0%,89.5
word matcher,0,4,0%,89.75
spell a word,0,4,0%,90
words using,0,4,0%,91.5
word letter generator,0,4,0%,91.75
word combinations generator,0,4,0%,92
проверка орфография,0,4,0%,92.25
how many words from these letters,0,4,0%,92.5
letter solver and words maker,0,4,0%,97.5
how many words can you make with these letters,0,4,0%,99.25
wildcard word finder,0,3,0%,5
results from inputs codycross,0,3,0%,5.33
تكوين كلمات من حروف مبعثرة بالانجليزي,0,3,0%,6
استفسارات بحث عن اجابات كلمات متقاطعة,0,3,0%,6.67
sirve para saber cuanto cuando y hasta donde crucigrama 6 letras,0,3,0%,9
решатель вордли на английском,0,3,0%,11.33
similar word finder,0,3,0%,16
make a word,0,3,0%,18.67
puzzle words solver,0,3,0%,19
letter puzzle solver,0,3,0%,20
letter solver and word maker,0,3,0%,20
расставить знаки препинания онлайн в тексте автоматически в русском языке,0,3,0%,20.33
wordscapes solitaire helper,0,3,0%,24.67
проверка пунктуации онлайн,0,3,0%,25
similar words generator,0,3,0%,32.67
расставление запятых онлайн,0,3,0%,32.67
исправитель ошибок в тексте,0,3,0%,35.33
puzzle word solver,0,3,0%,38
генератор запятых,0,3,0%,38
corrector de signos de puntuación,0,3,0%,39.67
text twist unscrambler,0,3,0%,40
word unscrambler wordscapes,0,3,0%,40.33
word solver solver,0,3,0%,40.67
words that start with word,0,3,0%,40.67
words solver,0,3,0%,42
проверка текста на ошибки онлайн,0,3,0%,42.33
words that contain,0,3,0%,44.33
fill in the blank words,0,3,0%,45.33
word guesser from letters,0,3,0%,45.33
corrector de puntos y comas,0,3,0%,45.67
letters to words solver,0,3,0%,46
words starting with word,0,3,0%,46
word solutions,0,3,0%,46.33
word containing,0,3,0%,47
random paragraph generator,0,3,0%,48
missing letter word finder,0,3,0%,48.33
word pronunciation online,0,3,0%,49.67
wordscape unscrambler,0,3,0%,51.33
проверить запятые онлайн,0,3,0%,51.33
anagram solver two words,0,3,0%,52
randomizador de palabras,0,3,0%,52
letters missing from words,0,3,0%,52.33
wordesolver,0,3,0%,53.33
проверка на запятые онлайн,0,3,0%,53.33
find words with missing letters,0,3,0%,53.67
find the missing letters in a word,0,3,0%,54.67
корректор текста,0,3,0%,55
passive voice corrector,0,3,0%,55.67
reading misspelled words test,0,3,0%,55.67
opposite dictionary,0,3,0%,56
missing letters solver,0,3,0%,57
محرر لغوي,0,3,0%,58.33
find a word with missing letters,0,3,0%,58.67
fill in the blanks solver,0,3,0%,60
wordfinder missing letters,0,3,0%,60
anagram two words,0,3,0%,60.33
pronounce any word,0,3,0%,60.33
مدقق لغوي,0,3,0%,60.67
random word generator from letters,0,3,0%,61.33
проверка слов онлайн,0,3,0%,61.67
cool robot names,0,3,0%,62.33
fill in the blank solver,0,3,0%,62.67
words including,0,3,0%,62.67
random generator words,0,3,0%,63.33
pronunciation of words online,0,3,0%,64
top misspelled words quiz,0,3,0%,64.33
words generator,0,3,0%,65
find a word solver,0,3,0%,65.33
scrabble helper win every game,0,3,0%,65.33
4 letter wordle help,0,3,0%,65.67
random generator word,0,3,0%,66
проверить орфографию,0,3,0%,66.33
anagram solver with missing letters,0,3,0%,66.67
buscador de palabras con letras dadas,0,3,0%,67
rechtschreib check,0,3,0%,67
synonyms searcher,0,3,0%,68.33
syllable count,0,3,0%,68.67
anagram solver with blanks,0,3,0%,69
corrector de textos puntos y comas gratis,0,3,0%,69.33
corretor gramatical,0,3,0%,69.67
wordhelp,0,3,0%,69.67
pronounce of word,0,3,0%,70
word finder with letters,0,3,0%,70
word pronouciation,0,3,0%,70.67
online word solver,0,3,0%,71.67
passive voice fixer,0,3,0%,71.67
anagram solver 5 letters,0,3,0%,72.33
word finder anagram,0,3,0%,72.33
wordsolver anagram,0,3,0%,72.33
word wheel cheat,0,3,0%,72.67
anagram word finder,0,3,0%,73.33
pronounce word,0,3,0%,74
ladder unscramble,0,3,0%,74.67
pronunciation any word,0,3,0%,74.67
word tips anagram solver,0,3,0%,75.33
anagram solver 20 letters,0,3,0%,75.67
how to pronounce any word in english,0,3,0%,76.67
code cracker solver missing letters free,0,3,0%,77
ipa transcription online,0,3,0%,77.33
word polygon solver,0,3,0%,77.67
anagram solver cheat,0,3,0%,78
anagram words list,0,3,0%,78
online korrektur rechtschreibung,0,3,0%,78
codeword solver online,0,3,0%,78.67
crossword help,0,3,0%,78.67
texte online prüfen,0,3,0%,79
typo adder,0,3,0%,79
allscrabbleword,0,3,0%,79.33
sentence generator from words,0,3,0%,79.33
проверка запятых онлайн,0,3,0%,79.67
synonym searcher,0,3,0%,81
grammatik check,0,3,0%,81.33
letters to words generator,0,3,0%,82
wordsover,0,3,0%,82
проверить пунктуацию,0,3,0%,82.33
word game puzzle solver,0,3,0%,83
word ladder solver,0,3,0%,83
longest word generator,0,3,0%,83.33
word builder solver,0,3,0%,83.67
word creator using letters,0,3,0%,83.67
how many words out of these letters,0,3,0%,84.33
make words with these letters generator,0,3,0%,85.33
word filler solver,0,3,0%,85.67
words generator from letters,0,3,0%,86
find all words,0,3,0%,87.67
word decoder generator,0,3,0%,88
link word solver,0,3,0%,88.33
wordmatch solver,0,3,0%,88.33
проверка слов,0,3,0%,88.33
проверка правописания,0,3,0%,88.67
word generator given letters,0,3,0%,89.33
alliteration helper,0,3,0%,90
word finder with letters and blanks,0,3,0%,90.33
word maker using letters,0,3,0%,90.33
правописание слов,0,3,0%,90.33
how many words can you make from this word,0,3,0%,91
wordwheel solver,0,3,0%,91
code word finder,0,3,0%,91.33
word search finder solver,0,3,0%,91.33
3 letter word generator,0,3,0%,92
create words from letters game,0,3,0%,92
universal anagram solver,0,3,0%,93.33
word solution,0,3,0%,95.33
punctuation check,0,3,0%,95.67
проверка текста онлайн,0,3,0%,96.67
find words containing these letters,0,3,0%,97.33
termo solver,0,2,0%,4
حروف مبعثرة لتكوين كلمات,0,2,0%,6.5
how many times does the letter j appear in the word arrow,0,2,0%,7
multiple choice vocabulary quiz free,0,2,0%,7
word finder wildcards,0,2,0%,7
"""any word"" meaning",0,2,0%,7.5
crucigrama solver,0,2,0%,8
word search with wildcards,0,2,0%,8
collocation finder,0,2,0%,8.5
is there a dictionary that shows common phrases with a word?,0,2,0%,8.5
silben zähler,0,2,0%,8.5
arrange with others seven little words,0,2,0%,9
word finder wildcard,0,2,0%,9
антонимы онлайн,0,2,0%,9.5
scrimshaw 7 little words,0,2,0%,10
اختار حرف عربي عشوائي,0,2,0%,10
opposite word finder,0,2,0%,14
missing letters in a word,0,2,0%,16.5
مولد الكلمات العشوائية عربي,0,2,0%,17
исправить грамматические ошибки,0,2,0%,18.5
исправление грамматических ошибок онлайн,0,2,0%,18.5
онлайн исправление текста,0,2,0%,18.5
проверить знаки препинания,0,2,0%,19.5
related words generator,0,2,0%,20.5
исправление ошибок,0,2,0%,20.5
make a phrase with these letters,0,2,0%,21
opposite finder,0,2,0%,21
similar words finder,0,2,0%,21
solving word puzzles,0,2,0%,21
opposite words finder,0,2,0%,21.5
words that end,0,2,0%,22
grammatik checker,0,2,0%,22.5
проверка ошибок в тексте онлайн бесплатно,0,2,0%,22.5
words tools,0,2,0%,26
comptador de síl·labes,0,2,0%,27.5
opposite word search,0,2,0%,30
words or phrases,0,2,0%,32
расставить знаки препинания онлайн,0,2,0%,32.5
text twist grecni,0,2,0%,34.5
proper name wheel of fortune 2 words,0,2,0%,37
encontrar sinônimo,0,2,0%,37.5
laddergram solver,0,2,0%,37.5
words with ends,0,2,0%,37.5
words quizzes,0,2,0%,38
word starts with,0,2,0%,38.5
words that end with with,0,2,0%,39.5
pronunciation of a word on audio,0,2,0%,40
names for androids,0,2,0%,41.5
resolver anagramas,0,2,0%,41.5
less than 7 little words,0,2,0%,42
wordscapes anagram solver,0,2,0%,42
ipa converter,0,2,0%,43.5
word finder with letters missing,0,2,0%,43.5
find opposite word,0,2,0%,44.5
anagram solver word finder,0,2,0%,45.5
поставить запятые онлайн,0,2,0%,45.5
anagrama resolver,0,2,0%,46
fill in the missing letters in words,0,2,0%,46
search opposite word,0,2,0%,46
antonyms search,0,2,0%,46.5
missing letters in word,0,2,0%,46.5
word find missing letters,0,2,0%,46.5
запятые онлайн проверка,0,2,0%,47
buscador de palabras anagramas,0,2,0%,48
words containing word,0,2,0%,48
исправитель ошибок,0,2,0%,48
buscador de palabras con letras,0,2,0%,48.5
где ставить запятые онлайн,0,2,0%,48.5
проверить слова на ошибки,0,2,0%,48.5
words containing these letters in order,0,2,0%,49
antonym search,0,2,0%,49.5
synonym antonym finder,0,2,0%,49.5
проверка слов на ошибки,0,2,0%,49.5
поставить знаки препинания онлайн,0,2,0%,50.5
find words containing,0,2,0%,51
missing letters for words,0,2,0%,51
word solver letters,0,2,0%,51
missing letters,0,2,0%,51.5
missing letters word,0,2,0%,51.5
ortografia corrector,0,2,0%,51.5
сайт для проверки ошибок,0,2,0%,51.5
corrector de signos de comas,0,2,0%,52
word solver with blanks,0,2,0%,52
words that start with words,0,2,0%,52
containing word,0,2,0%,52.5
find synonyms for words,0,2,0%,52.5
letters to a word,0,2,0%,52.5
unscramble wordscapes,0,2,0%,52.5
link words solver,0,2,0%,53.5
word search wildcards,0,2,0%,53.5
word pronunciation tool,0,2,0%,54
words that contain words,0,2,0%,54
find words containing certain letters,0,2,0%,54.5
anagram finder free,0,2,0%,55.5
robot dog name generator,0,2,0%,55.5
fill in the blanks words,0,2,0%,56
syllable checker,0,2,0%,56
how many words are in these letters,0,2,0%,56.5
corrector de redacción,0,2,0%,57
words with letters missing,0,2,0%,57
wordscapes cheat and answers by word finder,0,2,0%,57
missing letter search,0,2,0%,57.5
use every letter anagram solver,0,2,0%,57.5
cvc word generator,0,2,0%,58
futuristic names for robots,0,2,0%,58
syllable finder,0,2,0%,58.5
word finder fill in blanks,0,2,0%,58.5
fill in blank letters,0,2,0%,59
правка текста,0,2,0%,59
give me a random word,0,2,0%,59.5
rearrange letter,0,2,0%,59.5
antonym search engine,0,2,0%,60
word finder win every game,0,2,0%,60
anagrams words list,0,2,0%,60.5
grammar check español,0,2,0%,60.5
how to pronounce these words,0,2,0%,60.5
corretor língua portuguesa,0,2,0%,61
pronunciate is it a word,0,2,0%,61.5
syllables check,0,2,0%,61.5
anagrams two words,0,2,0%,62
syllables counter,0,2,0%,62
составить слово из заданных букв онлайн,0,2,0%,62
word solver uk,0,2,0%,62.5
corretor portugues,0,2,0%,63
guild name generator with keywords,0,2,0%,63
how many words from,0,2,0%,63
how to say a word,0,2,0%,63
word pronounce,0,2,0%,63
random generator letter,0,2,0%,63.5
missing letters anagram solver,0,2,0%,64
pick a word generator,0,2,0%,64
random word generator with letters,0,2,0%,64
word randomizer,0,2,0%,64
phonetic spelling converter,0,2,0%,65.5
wordhelp anagram,0,2,0%,65.5
daily word wheel cheat,0,2,0%,66.5
droid name generator,0,2,0%,66.5
missing letters word finder,0,2,0%,66.5
phonetic converter,0,2,0%,66.5
synonyms checker,0,2,0%,66.5
randomizer word generator,0,2,0%,67.5
ladder word solver,0,2,0%,68.5
wildcard dictionary,0,2,0%,68.5
anagram finder with blanks,0,2,0%,69
randomizer word,0,2,0%,69.5
comma grammar check,0,2,0%,70
where do i find tools in word,0,2,0%,70
anagram solver 2 words with letters,0,2,0%,70.5
anagramfinder,0,2,0%,70.5
corrector gramatical,0,2,0%,70.5
rechtschreibung überprüfen,0,2,0%,70.5
sentence generator from word,0,2,0%,70.5
where did the word word come from,0,2,0%,70.5
word finder anagrams,0,2,0%,71
word finder with repeated letters,0,2,0%,71
word random generator,0,2,0%,71
convert in passive voice,0,2,0%,71.5
random word combination generator,0,2,0%,71.5
syllables generator,0,2,0%,71.5
best random word generator,0,2,0%,72
best synonym finder,0,2,0%,72
solve crossword,0,2,0%,72
antonyms for words,0,2,0%,72.5
crossword clue solver,0,2,0%,72.5
word generators,0,2,0%,72.5
anagram of letters,0,2,0%,73
anagram solver multiple word,0,2,0%,73.5
corrector español,0,2,0%,73.5
seven letter word puzzle,0,2,0%,73.5
word anagram solver,0,2,0%,73.5
creative word generator,0,2,0%,74
linkword solver online free,0,2,0%,74
anagram help,0,2,0%,75
find words containing letters,0,2,0%,75
missing letters in words solver,0,2,0%,75
unscramble anagram,0,2,0%,75
words that include letters,0,2,0%,75
how many word can you make with these letters,0,2,0%,75.5
korrektur online,0,2,0%,75.5
word help anagrams,0,2,0%,75.5
word finder with repeat letters,0,2,0%,76
word solver anagram,0,2,0%,76
corrector ortografico,0,2,0%,76.5
letter solver word maker,0,2,0%,76.5
sentences maker for vocabulary words,0,2,0%,76.5
corretor de texto e virgula,0,2,0%,77
find synonyms online,0,2,0%,77
how many words can you make out of these letters,0,2,0%,77
text korrektur online,0,2,0%,77
active to passive converter,0,2,0%,77.5
anagram solver multi word,0,2,0%,77.5
anagrams with these letters,0,2,0%,77.5
corrector de ortografía,0,2,0%,77.5
corrector de textos,0,2,0%,78.5
corretor ortográfico profissional,0,2,0%,78.5
правильно написать текст,0,2,0%,78.5
8 letter word generator,0,2,0%,79
anagram multi word,0,2,0%,79
anagram solver with repeat letters,0,2,0%,79
find this word with missing letters,0,2,0%,79
anagram word scrambler,0,2,0%,79.5
corregir texto,0,2,0%,79.5
crossword crossword solver,0,2,0%,79.5
rechtschreibung prüfen,0,2,0%,79.5
как проверить предложение на запятые,0,2,0%,79.5
find as many words as you can with these letters online,0,2,0%,80
wheel words solver,0,2,0%,80
what word links these 3 words,0,2,0%,80.5
how many words can you make from the word,0,2,0%,81
random team name generator,0,2,0%,81
tradutor de correção de texto,0,2,0%,81
word in a sentence generator,0,2,0%,81.5
word wheel answers,0,2,0%,81.5
wordtips anagram solver,0,2,0%,81.5
how many words in these letters,0,2,0%,82
word anagram,0,2,0%,82.5
word scramble tools,0,2,0%,82.5
corretor de texto grátis,0,2,0%,83
how many words you can make with these letters,0,2,0%,83
long word solver,0,2,0%,83
make a word from these letters generator,0,2,0%,83
word finder with blanks,0,2,0%,83
word wheel solutions,0,2,0%,83
make a word with these letters,0,2,0%,83.5
word finder repeat letters,0,2,0%,83.5
ortografia online,0,2,0%,84
проверить текст на расстановку знаков препинания онлайн,0,2,0%,84
fill in the blank word solver,0,2,0%,84.5
passive voice converter,0,2,0%,84.5
anagram scramble,0,2,0%,85
corretor ortografico portugues,0,2,0%,85
solve word games,0,2,0%,85
wordplay solver,0,2,0%,85
worldsolver,0,2,0%,85
проверка текста на ошибки онлайн бесплатно,0,2,0%,85
corretor de textos,0,2,0%,86
how to find a term,0,2,0%,86
punctuation fixer,0,2,0%,86
wordle solving tool,0,2,0%,86
world solver,0,2,0%,86
проверка пунктуации онлайн бесплатно,0,2,0%,86
4 letter words generator,0,2,0%,86.5
corretor de ortografia,0,2,0%,86.5
figure out this word,0,2,0%,86.5
word decoder,0,2,0%,86.5
dictionary search with wildcards,0,2,0%,87
10 letter wordle solver,0,2,0%,87.5
word link solver,0,2,0%,87.5
words in words generator,0,2,0%,87.5
corretor online de texto,0,2,0%,88
how many words can you make with these letters game,0,2,0%,88
solving words,0,2,0%,88
word wheel puzzle solver,0,2,0%,88
программа для исправление ошибок в тексте,0,2,0%,88
word grid solver,0,2,0%,88.5
correcao de palavras,0,2,0%,89
letters in words generator,0,2,0%,89
word finder with repeating letters,0,2,0%,89
word lookup by letters,0,2,0%,89
words from words generator,0,2,0%,89
words with origin,0,2,0%,89
7 letter word guesser,0,2,0%,89.5
automatic word search solver,0,2,0%,89.5
corrija gramaticalmente,0,2,0%,89.5
online korrektur von texten,0,2,0%,89.5
word generator by letters,0,2,0%,89.5
find a word help,0,2,0%,90
find words in words,0,2,0%,90
letter words generator,0,2,0%,90
solve the word search,0,2,0%,90
vocabulary test generator,0,2,0%,90
word finder helper,0,2,0%,90
word generator with letter,0,2,0%,90
wordfind solver,0,2,0%,90
wordplay help,0,2,0%,90
words solve,0,2,0%,90
anagram multiple words,0,2,0%,90.5
anagram of words,0,2,0%,90.5
figure out word,0,2,0%,90.5
four letter word generator,0,2,0%,90.5
solverscrabble,0,2,0%,90.5
word resolver,0,2,0%,90.5
words within words generator,0,2,0%,90.5
онлайн орфография,0,2,0%,90.5
find the word puzzle solver,0,2,0%,91
finish the word words,0,2,0%,91
knotwords solver,0,2,0%,91
wordplay crossword solver,0,2,0%,91
find words with given letters,0,2,0%,91.5
grammar check commas,0,2,0%,91.5
how many words can be made from these letters,0,2,0%,91.5
правильность написания текста,0,2,0%,91.5
anagram solver exclude letters,0,2,0%,92
find words within words,0,2,0%,92
solve puzzle words,0,2,0%,92
word find help,0,2,0%,92
word links solver,0,2,0%,92
word with letters generator,0,2,0%,92
worldesolver,0,2,0%,92
letters to make a word generator,0,2,0%,92.5
make words from letters game,0,2,0%,92.5
word eliminator,0,2,0%,92.5
word search helpers,0,2,0%,92.5
make smaller word,0,2,0%,93
word possibilities generator,0,2,0%,93
words maker with letters,0,2,0%,93
buchstaben sortieren,0,2,0%,93.5
word creator with letters,0,2,0%,93.5
words that make,0,2,0%,93.5
make this word,0,2,0%,94
what words can i play with these letters,0,2,0%,94
word filler,0,2,0%,94
how to write how to pronounce words,0,2,0%,94.5
making words,0,2,0%,94.5
word finder 16 letters,0,2,0%,94.5
word puzzle answers,0,2,0%,94.5
5 letter word calculator,0,2,0%,95
how many words can i make out of these letters,0,2,0%,95
longest word finder,0,2,0%,95
5 letter words helper,0,2,0%,95.5
how many words can i make with these letters,0,2,0%,95.5
make words,0,2,0%,95.5
rearranged word,0,2,0%,95.5
word makers,0,2,0%,95.5
word puzzle answer,0,2,0%,95.5
7 letter word solver,0,2,0%,96
solver word,0,2,0%,96
word finder fill in the blanks,0,2,0%,96
word solver.,0,2,0%,96
текст на ошибки,0,2,0%,96
generate words with these letters,0,2,0%,97
scrabble helper,0,2,0%,97
create a word from the following letters,0,2,0%,97.5
create words from other words,0,2,0%,97.5
free unscramble word maker,0,2,0%,97.5
generate a word with these letters,0,2,0%,97.5
make words using,0,2,0%,97.5
unscramble letters game maker,0,2,0%,97.5
words puzzle answers,0,2,0%,97.5
make a word these letters,0,2,0%,98
create words from letters generator,0,2,0%,98.5
words from words,0,2,0%,98.5
words generator with letters,0,2,0%,98.5
help with words,0,2,0%,99
jumble word generator,0,2,0%,99
word link cheat,0,2,0%,99
word solving,0,2,0%,99
give letters make words,0,2,0%,99.5
what word links these 3 words with answers,0,2,0%,126
ла خطا,0,1,0%,2
words with friends cheat,0,1,0%,3
antonym searcher,0,1,0%,4
corrigida palavras cruzadas,0,1,0%,6
do company work seven little words,0,1,0%,6
random kata generator,0,1,0%,6
refuse specialist 7 little words,0,1,0%,7
suggested what to do codycross,0,1,0%,7
word with too many z's to play scrabble codycross,0,1,0%,7
wordle solver на русском,0,1,0%,7
wordle помощь,0,1,0%,7
اختر لي حرف عشوائي,0,1,0%,7
لعبة تكوين كلمات من حروف مبعثرة,0,1,0%,7
consonant total,0,1,0%,8
contador de sílabas,0,1,0%,8
kunci jawaban codycross,0,1,0%,8
repeated letters,0,1,0%,8
wortlücken füllen,0,1,0%,8
помощник wordle,0,1,0%,8
تكوين كلمة من حروف مبعثرة,0,1,0%,8
เอาใหม่หมดเลย,0,1,0%,8
beegs,0,1,0%,9
buscador de sinonimos,0,1,0%,9
buscar sinonimos,0,1,0%,9
complete words with missing letters,0,1,0%,9
find the similar words,0,1,0%,9
"one word in the following sentence is misspelt. type the correct spelling of the word: nina! stop complaining imediately!",0,1,0%,9
random passage generator,0,1,0%,10
wordscapes jumble answers,0,1,0%,10
synonyms word finder,0,1,0%,11
اختار حرف عشوائي,0,1,0%,11
opposite words find,0,1,0%,15
short story generator with specific words,0,1,0%,15
make a random paragraph,0,1,0%,16
words starting with,0,1,0%,16
pesquisar sinônimos,0,1,0%,17
quiz word,0,1,0%,17
text twist unscrambler 7 letters,0,1,0%,17
corretor ortografico gramatical,0,1,0%,18
how many words can you create with these letters,0,1,0%,18
missing letter in word,0,1,0%,18
word finder solver with letters free,0,1,0%,18
word finder with given letters,0,1,0%,18
исправить текст на ошибки и знаки препинания,0,1,0%,18
онлайн запятые в тексте,0,1,0%,18
онлайн расстановка запятых,0,1,0%,18
поправка текста онлайн,0,1,0%,18
проверить текст на запятые онлайн,0,1,0%,18
проверка на пунктуацию онлайн,0,1,0%,18
проверка ошибок в тексте,0,1,0%,18
расставить точки запятые,0,1,0%,18
corrector de redaccion,0,1,0%,19
how many words with these letters,0,1,0%,19
word given letters,0,1,0%,19
word work out,0,1,0%,19
исправить текст онлайн,0,1,0%,19
онлайн проверка на пунктуацию,0,1,0%,19
поставить запятые в тексте онлайн бесплатно,0,1,0%,19
правка текста онлайн,0,1,0%,19
проверка арфографии,0,1,0%,19
проверка на знаки препинания,0,1,0%,19
проверка орфографии и исправление,0,1,0%,19
проверка ошибок в словах,0,1,0%,19
проверка ошибок в тексте онлайн,0,1,0%,19
расставить в тексте знаки препинания онлайн,0,1,0%,19
расставить знаки препинания онлайн в тексте,0,1,0%,19
расстановка запятых онлайн,0,1,0%,19
редактор орфографии,0,1,0%,19
редактор текста на ошибки,0,1,0%,19
anagram.solver,0,1,0%,20
find opposites,0,1,0%,20
find the word solver,0,1,0%,20
ipa creator,0,1,0%,20
opposite word dictionary,0,1,0%,20
opposite words dictionary,0,1,0%,20
words given letters,0,1,0%,20
wörter mit fehlenden buchstaben,0,1,0%,20
знаки препинания проверка,0,1,0%,20
исправитель текста,0,1,0%,20
исправить грамматику,0,1,0%,20
исправить орфографические ошибки в тексте онлайн,0,1,0%,20
исправление грамматических ошибок в тексте онлайн,0,1,0%,20
корректор пунктуации онлайн,0,1,0%,20
онлайн корректор,0,1,0%,20
ошибки в тексте онлайн,0,1,0%,20
ошибки исправление,0,1,0%,20
поставить знаки препинания в тексте онлайн бесплатно,0,1,0%,20
постановка запятых онлайн,0,1,0%,20
править текст онлайн,0,1,0%,20
проверить орфограмму,0,1,0%,20
проверить пунктуацию онлайн со знаками препинания,0,1,0%,20
проверить текст на орфографические ошибки,0,1,0%,20
расставить правильно знаки препинания онлайн,0,1,0%,20
расстановка знаков препинания онлайн,0,1,0%,20
редактор ошибок онлайн,0,1,0%,20
сайт для исправления ошибок в тексте,0,1,0%,20
сайт для расставления знаков препинания,0,1,0%,20
исправить орфографию и пунктуацию онлайн,0,1,0%,21
исправление орфографии,0,1,0%,21
орфограммы онлайн,0,1,0%,21
buscar sinônimos,0,1,0%,22
vocabulary quiz,0,1,0%,22
word that end,0,1,0%,22
бот для расставления запятых,0,1,0%,22
7 little words answer,0,1,0%,23
coming through 7 little words,0,1,0%,23
random letters into words,0,1,0%,23
seven little words solutions,0,1,0%,24
synonyme finder,0,1,0%,24
2 word crossword solver,0,1,0%,25
7 little words solutions,0,1,0%,25
7 words answers,0,1,0%,25
anagramador mejor palabra,0,1,0%,25
corrector signos de puntuacion,0,1,0%,25
word tangle solver,0,1,0%,25
lückentextsuche,0,1,0%,26
pronounce words out loud,0,1,0%,26
words that ending with,0,1,0%,26
character 7 little words,0,1,0%,27
word definitions quiz,0,1,0%,27
words that begin with,0,1,0%,27
words that end with quiz,0,1,0%,27
find opposite words,0,1,0%,28
find words starting with,0,1,0%,28
open up 7 little words,0,1,0%,28
the synonym finder,0,1,0%,28
7 little words help,0,1,0%,29
cheats 7 little words,0,1,0%,29
cody crossword answers,0,1,0%,29
corrector ia,0,1,0%,29
finishing words,0,1,0%,29
weberkämme kreuzworträtsel,0,1,0%,29
7 lttle words,0,1,0%,30
daily word dictionary,0,1,0%,30
related word generator,0,1,0%,30
teste de vocabulário,0,1,0%,30
words ending with letters,0,1,0%,30
вордле помощник,0,1,0%,30
подбор антонимов онлайн,0,1,0%,30
buscar sinônimo,0,1,0%,31
poner puntos y comas a un texto,0,1,0%,31
words quiz,0,1,0%,31
проверить орфографию в тексте,0,1,0%,31
7 little words answers for today,0,1,0%,32
anagram solver with wildcard,0,1,0%,32
diccionario para resolver crucigramas,0,1,0%,32
filling in missing letters,0,1,0%,32
solution codycross,0,1,0%,32
text twist solver,0,1,0%,32
wordle solver español,0,1,0%,32
komma überprüfung,0,1,0%,33
wheel of fortune landmark 3 words,0,1,0%,33
word cookies,0,1,0%,33
how to say this word,0,1,0%,34
scrabble helfer,0,1,0%,34
text twist / word unscrambler,0,1,0%,34
consonant counter,0,1,0%,35
ferramenta sinônimos,0,1,0%,35
how to find missing letters,0,1,0%,35
wheel of fortune proper name 2 words,0,1,0%,35
where do the words come from,0,1,0%,35
find the missing letters,0,1,0%,36
opposite words search,0,1,0%,36
seven little words,0,1,0%,36
words starting with every,0,1,0%,36
anagramas resolver,0,1,0%,37
anagramm löser,0,1,0%,37
corrector de puntuacion,0,1,0%,37
correção de palavras,0,1,0%,37
word twister answers,0,1,0%,37
wordscapes level 3000,0,1,0%,37
7 little words,0,1,0%,38
beginners 7 little words,0,1,0%,38
crossword compiler codycross,0,1,0%,38
find the missing letters of a word,0,1,0%,38
7 little,0,1,0%,39
corrector de signos de puntuacion,0,1,0%,39
finding a word with missing letters,0,1,0%,39
synonym tool,0,1,0%,39
text twist unscramble words,0,1,0%,39
word ending with,0,1,0%,39
word search wordle,0,1,0%,39
auto corector,0,1,0%,40
complete opposite words,0,1,0%,40
quizzes words,0,1,0%,40
rechtschreibquiz,0,1,0%,40
wheel of fortune thing 2 words,0,1,0%,40
words starting,0,1,0%,40
english word that ends with,0,1,0%,41
where a word comes from,0,1,0%,41
closest word to dfskfdsöfwö,0,1,0%,42
crucigrama de 10 palabras,0,1,0%,42
missing letters help,0,1,0%,42
wordle solver en español,0,1,0%,42
words that end in with,0,1,0%,42
audio pronunciation of words,0,1,0%,43
tangle word game solver,0,1,0%,43
word finder starts with,0,1,0%,43
word solver app,0,1,0%,43
words starting com,0,1,0%,43
how many word can you make out of,0,1,0%,44
missing letter word solver,0,1,0%,44
palabras crucigrama,0,1,0%,44
word definition quiz,0,1,0%,44
word missing letters,0,1,0%,44
wordsolver app,0,1,0%,44
antonyms 5 and 11 letters deefhiimnprrsstt,0,1,0%,45
antonyms search words,0,1,0%,45
corregir ortografía,0,1,0%,45
figure out word with missing letters,0,1,0%,45
incorrect word to correct word,0,1,0%,45
text twist word,0,1,0%,45
word finder with missing letters free,0,1,0%,45
word phrases,0,1,0%,45
corrección de ortografía,0,1,0%,46
fill in missing letters in a word,0,1,0%,46
five random letters,0,1,0%,46
prefix test,0,1,0%,46
pronunciation a word,0,1,0%,46
quiz vocabulary,0,1,0%,46
takes a look at synonym,0,1,0%,46
clan names,0,1,0%,47
find missing letters,0,1,0%,47
helper scrabble,0,1,0%,47
letter arranger,0,1,0%,47
make words with these letters can repeat,0,1,0%,47
passive sentence checker,0,1,0%,47
random 3 words,0,1,0%,47
word grabber wordscapes,0,1,0%,47
word unscrambler with repeating letters,0,1,0%,47
words with any,0,1,0%,47
cool robot names generator,0,1,0%,48
robot oc names,0,1,0%,48
twist word solver,0,1,0%,48
two word anagram solver,0,1,0%,48
word twister help,0,1,0%,48
words crossword,0,1,0%,48
all words containing,0,1,0%,49
corrección de textos,0,1,0%,49
corrector de signos de puntuación gratis,0,1,0%,49
descifrador de palabras,0,1,0%,49
fill in missing letters to make words,0,1,0%,49
fill in the blank letters,0,1,0%,49
find missing letters in words,0,1,0%,49
find related words,0,1,0%,49
finding synonyms for words,0,1,0%,49
generador de palabras aleatorias,0,1,0%,49
guess words with letters,0,1,0%,49
word finder from letters missing,0,1,0%,49
word search with letters missing,0,1,0%,49
words with word in them,0,1,0%,49
wordscapes game solver,0,1,0%,49
пунктуація перевірка,0,1,0%,49
anagram solver portuguese,0,1,0%,50
correcciones ortograficas,0,1,0%,50
correção ortografica portugues,0,1,0%,50
related word finder,0,1,0%,50
verificador de gramatica,0,1,0%,50
word ends,0,1,0%,50
words ending,0,1,0%,50
words that include the letters,0,1,0%,50
correcciones de textos,0,1,0%,51
crucigrama palabras,0,1,0%,51
fancy word of the day,0,1,0%,51
find a word missing letters,0,1,0%,51
find words beginning with,0,1,0%,51
group of four 7 little words,0,1,0%,51
letters counter,0,1,0%,51
opposite words generator,0,1,0%,51